{
  "id": "7407e9d5-167f-42c6-b813-9a2bd1239407",
  "alias": "GileadsamplefooterApplicationCustomizer",
  "componentType": "Extension",
  "extensionType": "ApplicationCustomizer",
  "version": "0.0.1",
  "manifestVersion": 2,
  "requiresCustomScript": false,
  "loaderConfig": {
    "internalModuleBaseUrls": [
      "<!-- PATH TO CDN -->"
    ],
    "entryModuleId": "gileadsamplefooter-application-customizer",
    "scriptResources": {
      "gileadsamplefooter-application-customizer": {
        "type": "path",
        "path": "gileadsamplefooter-application-customizer.js"
      },
      "@microsoft/sp-application-base": {
        "type": "component",
        "id": "4df9bb86-ab0a-4aab-ab5f-48bf167048fb",
        "version": "1.12.1"
      },
      "@microsoft/sp-core-library": {
        "type": "component",
        "id": "7263c7d0-1d6a-45ec-8d85-d4d1d234171b",
        "version": "1.12.1"
      },
      "GileadsamplefooterApplicationCustomizerStrings": {
        "type": "path",
        "path": "GileadsamplefooterApplicationCustomizerStrings_en-us.js"
      },
      "@microsoft/decorators": {
        "type": "component",
        "id": "f97266fb-ccb7-430e-9384-4124d05295d3",
        "version": "1.12.1"
      }
    }
  }
}