<?xml version="1.0" encoding="utf-8"?>
<Elements xmlns="http://schemas.microsoft.com/sharepoint/">
    <CustomAction
        Title="Gileadsamplefooter"
        Location="ClientSideExtension.ApplicationCustomizer"
        ClientSideComponentId="7407e9d5-167f-42c6-b813-9a2bd1239407"
        ClientSideComponentProperties="{&quot;Bottom&quot;:&quot;Test message&quot;}">
    </CustomAction>
     <Field ID="{060E50AC-E9C1-4D3C-B1F9-DE0BCAC300F6}"
            Name="Key"
            DisplayName="Key property"
            Type="Text"
            Description ="Please provide Key property"
            Required="TRUE"
            MaxLength="50"
            Group="SPFx Columns" >
    </Field>
    <Field ID="{943E7530-5E2B-4C02-8259-CCD93A9ECB18}"
            Name="Value"
            DisplayName="Value"
            Type="number"
            Required="FALSE"
            Group="SPFx Columns">
    </Field>
    <ContentType ID="0x010042D0C1C200A14B6887742B6344675C8B" 
            Name="My Content Type" 
            Group="SPFx Content Types" 
            Description="Sample content types from web part solution">
        <FieldRefs>
            <FieldRef ID="{060E50AC-E9C1-4D3C-B1F9-DE0BCAC300F6}" /> 
            <FieldRef ID="{943E7530-5E2B-4C02-8259-CCD93A9ECB18}" />
        </FieldRefs>
    </ContentType> 

    <ListInstance   
            FeatureId="00bfea71-de22-43b2-a848-c05709900100"  
            Title="Config"   
            Description="Configuration List"  
            TemplateType="100"  
            Url="Lists/Config">  
    </ListInstance> 
</Elements>